{
    "metadata": {
        "version": 3,
        "normals": 8,
        "materials": 1,
        "generator": "io_three",
        "uvs": 1,
        "faces": 6,
        "vertices": 8,
        "type": "Geometry"
    },
    "name": "CubeGeometry.2",
    "uvs": [[0,0.666667,0.333333,0.666667,0.333333,1,0,1,0.333333,0.333333,0,0.666667,0,0.333333,0.666667,0.333333,0.333333,0.333333,0.333333,0,0.666667,0,0,0.333333,0,0,0.333333,0,0.333333,0.333333,1,0.333333,0.666667,0.333333,0.666667,0,1,0,0.666667,0.333333,0.666667,0.666667,0.333333,0.666667]],
    "normals": [0.577349,-0.577349,-0.577349,0.577349,-0.577349,0.577349,-0.577349,-0.577349,0.577349,-0.577349,-0.577349,-0.577349,0.577349,0.577349,-0.577349,-0.577349,0.577349,-0.577349,-0.577349,0.577349,0.577349,0.577349,0.577349,0.577349],
    "faces": [43,0,1,2,3,0,0,1,2,3,0,1,2,3,43,4,7,6,5,0,4,1,5,6,4,5,6,7,43,0,4,5,1,0,7,8,9,10,0,4,7,1,43,1,5,6,2,0,11,12,13,14,1,7,6,2,43,2,6,7,3,0,15,16,17,18,2,6,5,3,43,4,0,3,7,0,4,19,20,21,4,0,3,5],
    "materials": [{
        "wireframe": false,
        "opacity": 1,
        "mapDiffuseWrap": ["RepeatWrapping","RepeatWrapping"],
        "mapDiffuseRepeat": [1,1],
        "colorAmbient": [0.64,0.64,0.64],
        "visible": true,
        "colorEmissive": [0,0,0],
        "DbgIndex": 0,
        "DbgColor": 15658734,
        "colorSpecular": [0.5,0.5,0.5],
        "mapDiffuseAnisotropy": 1,
        "shading": "phong",
        "DbgName": "Material",
        "specularCoef": 50,
        "depthWrite": true,
        "transparent": false,
        "blending": "NormalBlending",
        "mapDiffuse": "12.png",
        "depthTest": true,
        "colorDiffuse": [0.64,0.64,0.64]
    }],
    "vertices": [0.985789,-0.914009,-1.19127,0.985789,-0.914009,0.808734,-1.01421,-0.914009,0.808734,-1.01421,-0.914009,-1.19127,0.985789,1.08599,-1.19127,0.985788,1.08599,0.808734,-1.01421,1.08599,0.808733,-1.01421,1.08599,-1.19127]
}